{
    "total_runtime": 25.61903715133667,
    "num_documents": 1,
    "update_documents": 0,
    "input_load_time": 0,
    "workflows": {
        "load_input_documents": {
            "overall": 0.01580810546875
        },
        "create_base_text_units": {
            "overall": 0.025936126708984375
        },
        "create_final_documents": {
            "overall": 0.012960672378540039
        },
        "extract_graph": {
            "overall": 2.633460283279419
        },
        "finalize_graph": {
            "overall": 0.030359983444213867
        },
        "extract_covariates": {
            "overall": 0.00013113021850585938
        },
        "create_communities": {
            "overall": 0.03513526916503906
        },
        "create_final_text_units": {
            "overall": 0.02390909194946289
        },
        "create_community_reports": {
            "overall": 20.368958950042725
        },
        "generate_text_embeddings": {
            "overall": 2.469999074935913
        }
    }
}